link,pdf_link,title,doi
https://www.sciencedirect.com/science/article/pii/S0164121225001463,,Text–image fusion template for large language model assisted crowdsourcing test aggregation,https://doi.org/10.1016/j.jss.2025.112478
https://www.sciencedirect.com/science/article/pii/S266729522400014X,https://www.sciencedirect.com/science/article/pii/S266729522400014X/pdfft?md5=1984f6886539e5ada13eeb8c49a9ef8b&pid=1-s2.0-S266729522400014X-main.pdf,"A survey on large language model (LLM) security and privacy: The Good, The Bad, and The Ugly",https://doi.org/10.1016/j.hcc.2024.100211
https://www.sciencedirect.com/science/article/pii/S0950584925001363,https://www.sciencedirect.com/science/article/pii/S0950584925001363/pdfft?md5=5b23191de6a5a380167a7214a521afce&pid=1-s2.0-S0950584925001363-main.pdf,A survey of coverage-guided greybox fuzzing with deep neural models,https://doi.org/10.1016/j.infsof.2025.107797
https://www.sciencedirect.com/science/article/pii/S0164121225001049,https://www.sciencedirect.com/science/article/pii/S0164121225001049/pdfft?md5=6dc7746c9b18c6c03e623f48047d3797&pid=1-s2.0-S0164121225001049-main.pdf,RAGVA: Engineering retrieval augmented generation-based virtual assistants in practice,https://doi.org/10.1016/j.jss.2025.112436
https://www.sciencedirect.com/science/article/pii/S0950584925000734,,Extensive mutation for testing of word sense disambiguation models,https://doi.org/10.1016/j.infsof.2025.107734
https://www.sciencedirect.com/science/article/pii/S0950584923002185,,Towards the definition of a research agenda on mobile application testing based on a tertiary study,https://doi.org/10.1016/j.infsof.2023.107363
https://www.sciencedirect.com/science/article/pii/S0950584925001387,,A multi-year grey literature review on AI-assisted test automation,https://doi.org/10.1016/j.infsof.2025.107799
https://www.sciencedirect.com/science/article/pii/S0164121225000767,https://www.sciencedirect.com/science/article/pii/S0164121225000767/pdfft?md5=8743c4f2101dff441144300446329779&pid=1-s2.0-S0164121225000767-main.pdf,"IoT systems testing: Taxonomy, empirical findings, and recommendations",https://doi.org/10.1016/j.jss.2025.112408
https://www.sciencedirect.com/science/article/pii/S2090447925002138,https://www.sciencedirect.com/science/article/pii/S2090447925002138/pdfft?md5=47749c6cb3e59481df7a8a59ae12bc70&pid=1-s2.0-S2090447925002138-main.pdf,Developing SPIM-TA: a maturity-level framework for systematic process improvement in software testing automation,https://doi.org/10.1016/j.asej.2025.103472
https://www.sciencedirect.com/science/article/pii/S0167404824002931,https://www.sciencedirect.com/science/article/pii/S0167404824002931/pdfft?md5=a4b0427fd2f32dea4e959de2e314829e&pid=1-s2.0-S0167404824002931-main.pdf,Adversarial Machine Learning in Industry: A Systematic Literature Review,https://doi.org/10.1016/j.cose.2024.103988
